{
  "ESPCN": {
    "PSNR": 24.92035582298276,
    "SSIM": 0.6789711054514395,
    "LPIPS": 0.3594820469617844
  },
  "Bicubic": {
    "PSNR": 20.68834915700834,
    "SSIM": 0.6584527455335041,
    "LPIPS": 0.43674137353897097
  },
  "Bilinear": {
    "PSNR": 24.829336756530505,
    "SSIM": 0.6957346690434997,
    "LPIPS": 0.4081235340237617
  }
}